sx,sy,ex,ey
93,0,139,160
93,0,476,40
259,0,306,320
92,277,138,601.6666717529297
139,415.6666717529297,588,453.6666717529297
138,561.6666717529297,477,602.6666717529297
428,136,477,441
661,135,708,398
662,358,1044,396
866,0,911,249
869,0,1280,42
1240,0,1280,138
1001,101,1280,139
999,100,1049,446
741,563,1280,600.6666717529297
1243,316.6666717529297,1280,600.6666717529297
