sx,sy,ex,ey
0,0,48,147
0,0,387,37
166,0,216,324
0,322.6666717529297,47,597.6666717529297
0,413.6666717529297,443,453.6666717529297
337,133,383,446
0,559.6666717529297,1280,599.6666717529297
1240,309.6666717529297,1280,597.6666717529297
658,132,707,392
598,355,1052,397
1004,332,1049,391
998,96,1050,229
1003,98,1280,137
737,0,1280,41
1238,0,1280,136
865,41,916,247
