sx,sy,ex,ey
0,73,382,111
0,74,43,600.6666717529297
0,415.6666717529297,500,453.6666717529297
0,563.6666717529297,1280,599.6666717529297
811,466,1111,506
1066,174,1109,464
157,206,708,247
662,205,706,398
662,358,1106,398
864,74,914,247
865,74,1280,112
1241,78,1280,208
1069,172,1280,206
1239,317.6666717529297,1280,599.6666717529297
