sx,sy,ex,ey
0,0,1280,40
0,0,50,133
0,314,46,597.6666717529297
0,558.6666717529297,1280,599.6666717529297
0,414,496,452
166,0,215,321
381,131,428,432
622,131,668,398
624,355,1085,395
1042,148,1085,479
1042,141,1280,181
828,0,877,244
1241,0,1280,596.6666717529297
